vehicle_id,title,description,url,make,model,year,mileage.value,mileage.unit,price,state_of_vehicle,exterior_color,fuel_type,transmission,body_style,address.addr1,address.city,address.region,address.postal_code,address.country,latitude,longitude,image[0].url,image[1].url,image[2].url,image[3].url,image[4].url,image[5].url,image[6].url,image[7].url,image[8].url,image[9].url
5806387,Land Rover Discovery 2021,"Land Rover Discovery 2021, cinza, diesel, 54.380 km. IPVA Pago, Teto panorâmico, Teto solar, Bancos de Couro, Câmera de ré, Multimídia, Piloto automático, Controle de velocidade.",https://www.gridbh.com/carro/land-rover-discovery-disc-spt-d200-se-2021-5806387/,Land Rover,Discovery,2021,54380,KM,239900 BRL,USED,Cinza,DIESEL,AUTOMATIC,SUV,"Avenida Dom Pedro II, 1900",Belo Horizonte,MG,30710010,BR,-19.9077286,-43.95921,https://s3.carro57.com.br/FC/3586/5806387_7_W_c8c99617a5.jpeg,https://s3.carro57.com.br/FC/3586/5806387_6_W_29e3d07bfe.jpeg,https://s3.carro57.com.br/FC/3586/5806387_9_W_8fbf85204a.jpeg,https://s3.carro57.com.br/FC/3586/5806387_2_W_c93187ab05.jpeg,https://s3.carro57.com.br/FC/3586/5806387_3_W_f4bbae6b97.jpeg,https://s3.carro57.com.br/FC/3586/5806387_3_W_27905008f5.jpeg,https://s3.carro57.com.br/FC/3586/5806387_12_W_3a813f9135.jpeg,https://s3.carro57.com.br/FC/3586/5806387_0_W_7a80da422b.jpeg,https://s3.carro57.com.br/FC/3586/5806387_9_W_b336496fc9.jpeg,https://s3.carro57.com.br/FC/3586/5806387_5_W_7d813b1161.jpeg
7578305,Fiat Cronos 2025,"Fiat Cronos 2025, branco, flex, 33.145 km. Multimídia, Sensor de estacionamento, Freios ABS, Airbag motorista, Airbag passageiro, Alarme, Ar condicionado, Ar quente.",https://www.gridbh.com/carro/fiat-cronos-drive1-3at-2025-7578305/,Fiat,Cronos,2025,33145,KM,93900 BRL,USED,Branco,FLEX,AUTOMATIC,SEDAN,"Avenida Dom Pedro II, 1900",Belo Horizonte,MG,30710010,BR,-19.9077286,-43.95921,https://s3.carro57.com.br/FC/3586/7578305_0_W_32288d93d8.jpeg,https://s3.carro57.com.br/FC/3586/7578305_3_W_3548719a01.jpeg,https://s3.carro57.com.br/FC/3586/7578305_1_W_f4c4cac700.jpeg,https://s3.carro57.com.br/FC/3586/7578305_2_W_b003acabab.jpeg,https://s3.carro57.com.br/FC/3586/7578305_5_W_d9f93bdd8c.jpeg,https://s3.carro57.com.br/FC/3586/7578305_3_W_84d98f0b39.jpeg,https://s3.carro57.com.br/FC/3586/7578305_10_W_e1b1591dc8.jpeg,https://s3.carro57.com.br/FC/3586/7578305_7_W_f7cfd28eec.jpeg,https://s3.carro57.com.br/FC/3586/7578305_9_W_2ca331ef8f.jpeg,https://s3.carro57.com.br/FC/3586/7578305_8_W_b85357fd71.jpeg
7810216,Renault Duster 2014,"Renault Duster 2014, preto, flex, 126.000 km. Multimídia, Sensor de estacionamento, Rodas de liga leve, Freios ABS, Airbag motorista, Airbag passageiro, Ar condicionado, Ar quente.",https://www.gridbh.com/carro/renault-duster-16-d-4x2-2014-7810216/,Renault,Duster,2014,126000,KM,57900 BRL,USED,Preto,FLEX,MANUAL,SUV,"Avenida Dom Pedro II, 1900",Belo Horizonte,MG,30710010,BR,-19.9077286,-43.95921,https://s3.carro57.com.br/FC/3586/7810216_0_W_b9ae9a8174.jpeg,https://s3.carro57.com.br/FC/3586/7810216_9_W_2dab109991.jpeg,https://s3.carro57.com.br/FC/3586/7810216_3_W_15f4fe4977.jpeg,https://s3.carro57.com.br/FC/3586/7810216_0_W_b51c3e69a3.jpeg,https://s3.carro57.com.br/FC/3586/7810216_7_W_d8fd6c8b39.jpeg,https://s3.carro57.com.br/FC/3586/7810216_4_W_6648d395b3.jpeg,https://s3.carro57.com.br/FC/3586/7810216_12_W_acd6e5f5fb.jpeg,https://s3.carro57.com.br/FC/3586/7810216_2_W_d267522a2c.jpeg,https://s3.carro57.com.br/FC/3586/7810216_14_W_7f4294e3b5.jpeg,https://s3.carro57.com.br/FC/3586/7810216_10_W_32e7e0b285.jpeg
7938560,Fiat Fastback 2023,"Fiat Fastback 2023, vermelho, flex, 39.123 km. Bancos de Couro, Câmera de ré, Multimídia, Controle de velocidade, Sensor de estacionamento, Rodas de liga leve, Freios ABS, Ar condicionado.",https://www.gridbh.com/carro/fiat-fastback-turbo-270-2023-7938560/,Fiat,Fastback,2023,39123,KM,109900 BRL,USED,Vermelho,FLEX,AUTOMATIC,SUV,"Avenida Dom Pedro II, 1900",Belo Horizonte,MG,30710010,BR,-19.9077286,-43.95921,https://s3.carro57.com.br/FC/3586/7938560_0_W_2baa03e744.jpeg,https://s3.carro57.com.br/FC/3586/7938560_1_W_d3e19625fe.jpeg,https://s3.carro57.com.br/FC/3586/7938560_2_W_4098494e39.jpeg,https://s3.carro57.com.br/FC/3586/7938560_1_W_d06bf95e2a.jpeg,https://s3.carro57.com.br/FC/3586/7938560_4_W_290277cc02.jpeg,https://s3.carro57.com.br/FC/3586/7938560_4_W_efdc922425.jpeg,https://s3.carro57.com.br/FC/3586/7938560_6_W_75af682f08.jpeg,https://s3.carro57.com.br/FC/3586/7938560_9_W_19fd7d9f5e.jpeg,https://s3.carro57.com.br/FC/3586/7938560_6_W_b726a6f12c.jpeg,https://s3.carro57.com.br/FC/3586/7938560_10_W_b4fcb24c1d.jpeg
8126994,Fiat Stilo 2007,"Fiat Stilo 2007, prata, flex, 136.608 km. Rodas de liga leve, Freios ABS, Alarme, Ar condicionado, Ar quente, Direção Elétrica, Direção Hidraulica, Limpador traseiro.",https://www.gridbh.com/carro/fiat-stilo-flex-2007-8126994/,Fiat,Stilo,2007,136608,KM,49900 BRL,USED,Prata,FLEX,MANUAL,HATCHBACK,"Avenida Dom Pedro II, 1900",Belo Horizonte,MG,30710010,BR,-19.9077286,-43.95921,https://s3.carro57.com.br/FC/3586/8126994_0_W_9f5dabf98a.jpeg,https://s3.carro57.com.br/FC/3586/8126994_1_W_b5694eb72f.jpeg,https://s3.carro57.com.br/FC/3586/8126994_1_W_80e843f4e6.jpeg,https://s3.carro57.com.br/FC/3586/8126994_1_W_545c611384.jpeg,https://s3.carro57.com.br/FC/3586/8126994_4_W_05fa992287.jpeg,https://s3.carro57.com.br/FC/3586/8126994_5_W_6589ebea87.jpeg,https://s3.carro57.com.br/FC/3586/8126994_13_W_2f5b430b25.jpeg,https://s3.carro57.com.br/FC/3586/8126994_6_W_a8b2eaec8f.jpeg,https://s3.carro57.com.br/FC/3586/8126994_9_W_3f1517efff.jpeg,https://s3.carro57.com.br/FC/3586/8126994_7_W_2ce50804da.jpeg
8144677,Jeep Compass 2019,"Jeep Compass 2019, branco, flex, 13.000 km. Bancos de Couro, Câmera de ré, Multimídia, Sensor de estacionamento, Rodas de liga leve, Freios ABS, Airbag motorista, Airbag passageiro.",https://www.gridbh.com/carro/jeep-compass-sport-f-2019-8144677/,Jeep,Compass,2019,13000,KM,99900 BRL,USED,Branco,FLEX,AUTOMATIC,SUV,"Avenida Dom Pedro II, 1900",Belo Horizonte,MG,30710010,BR,-19.9077286,-43.95921,https://s3.carro57.com.br/FC/3586/8144677_11_W_bc7d251055.jpeg,https://s3.carro57.com.br/FC/3586/8144677_11_W_2de3e17d3c.jpeg,https://s3.carro57.com.br/FC/3586/8144677_8_W_6828ff3389.jpeg,https://s3.carro57.com.br/FC/3586/8144677_11_W_516f3eda68.jpeg,https://s3.carro57.com.br/FC/3586/8144677_9_W_6844dbba4c.jpeg,https://s3.carro57.com.br/FC/3586/8144677_10_W_7d8e9267e9.jpeg,https://s3.carro57.com.br/FC/3586/8144677_7_W_80aad49e59.jpeg,https://s3.carro57.com.br/FC/3586/8144677_4_W_c0aac29897.jpeg,https://s3.carro57.com.br/FC/3586/8144677_6_W_8ea990c1df.jpeg,https://s3.carro57.com.br/FC/3586/8144677_5_W_15fadf2ba2.jpeg
8211089,Fiat Argo 2025,"Fiat Argo 2025, branco, flex, 37.358 km. Freios ABS, Airbag motorista, Airbag passageiro, Alarme, Ar condicionado, Ar quente, Direção Elétrica, Travas elétricas.",https://www.gridbh.com/carro/fiat-argo-1-0-2025-8211089/,Fiat,Argo,2025,37358,KM,69900 BRL,USED,Branco,FLEX,MANUAL,HATCHBACK,"Avenida Dom Pedro II, 1900",Belo Horizonte,MG,30710010,BR,-19.9077286,-43.95921,https://s3.carro57.com.br/FC/3586/8211089_7_W_dd4b677910.jpeg,https://s3.carro57.com.br/FC/3586/8211089_8_W_c539238fc7.jpeg,https://s3.carro57.com.br/FC/3586/8211089_8_W_f0c4786ad9.jpeg,https://s3.carro57.com.br/FC/3586/8211089_0_W_69209a9ed5.jpeg,https://s3.carro57.com.br/FC/3586/8211089_0_W_9572060645.jpeg,https://s3.carro57.com.br/FC/3586/8211089_2_W_6f3876603f.jpeg,https://s3.carro57.com.br/FC/3586/8211089_3_W_01ea5ded2c.jpeg,https://s3.carro57.com.br/FC/3586/8211089_7_W_fdb78b39c2.jpeg,https://s3.carro57.com.br/FC/3586/8211089_4_W_31d3534930.jpeg,https://s3.carro57.com.br/FC/3586/8211089_4_W_bec2144756.jpeg
8298724,Jeep Compass 2023,"Jeep Compass 2023, azul, flex, 21.769 km. Bancos de Couro, Câmera de ré, Multimídia, Piloto automático, Sensor de estacionamento, Rodas de liga leve, Freios ABS, Airbag motorista.",https://www.gridbh.com/carro/jeep-compass-long-tf-2023-8298724/,Jeep,Compass,2023,21769,KM,129900 BRL,USED,Azul,FLEX,AUTOMATIC,SUV,"Avenida Dom Pedro II, 1900",Belo Horizonte,MG,30710010,BR,-19.9077286,-43.95921,https://s3.carro57.com.br/FC/3586/8298724_4_W_773144f2b5.jpeg,https://s3.carro57.com.br/FC/3586/8298724_4_W_7e16c2b302.jpeg,https://s3.carro57.com.br/FC/3586/8298724_4_W_804865e6bc.jpeg,https://s3.carro57.com.br/FC/3586/8298724_4_W_431379ff16.jpeg,https://s3.carro57.com.br/FC/3586/8298724_3_W_d552e4e3e0.jpeg,https://s3.carro57.com.br/FC/3586/8298724_0_W_a8ba14854b.jpeg,https://s3.carro57.com.br/FC/3586/8298724_7_W_2ef860d279.jpeg,https://s3.carro57.com.br/FC/3586/8298724_13_W_427f0c244a.jpeg,https://s3.carro57.com.br/FC/3586/8298724_7_W_0a0d5e8fb4.jpeg,https://s3.carro57.com.br/FC/3586/8298724_15_W_873eebc30d.jpeg
8322489,Hyundai HB20 2024,"Hyundai HB20 2024, prata, flex, 44.537 km. Câmera de ré, Multimídia, Sensor de estacionamento, Rodas de liga leve, Freios ABS, Airbag motorista, Airbag passageiro, Alarme.",https://www.gridbh.com/carro/hyundai-hb20-10m-limited-2024-8322489/,Hyundai,HB20,2024,44537,KM,74900 BRL,USED,Prata,FLEX,MANUAL,HATCHBACK,"Avenida Dom Pedro II, 1900",Belo Horizonte,MG,30710010,BR,-19.9077286,-43.95921,https://s3.carro57.com.br/FC/3586/8322489_0_W_d47ab1c28d.jpeg,https://s3.carro57.com.br/FC/3586/8322489_0_W_d25958e27d.jpeg,https://s3.carro57.com.br/FC/3586/8322489_0_W_50f5a7c7f4.jpeg,https://s3.carro57.com.br/FC/3586/8322489_0_W_2dc7d0541a.jpeg,https://s3.carro57.com.br/FC/3586/8322489_0_W_52fd213729.jpeg,https://s3.carro57.com.br/FC/3586/8322489_0_W_386a64f2d5.jpeg,https://s3.carro57.com.br/FC/3586/8322489_0_W_f9a832a209.jpeg,https://s3.carro57.com.br/FC/3586/8322489_7_W_24ac34f865.jpeg,https://s3.carro57.com.br/FC/3586/8322489_7_W_d4bd149da3.jpeg,https://s3.carro57.com.br/FC/3586/8322489_7_W_62b29f525f.jpeg
8404460,Hyundai HB20 2017,"Hyundai HB20 2017, branco, flex, 66.221 km. Único Dono, IPVA Pago, Bancos de Couro, Câmera de ré, Multimídia, Sensor de estacionamento, Rodas de liga leve, Freios ABS.",https://www.gridbh.com/carro/hyundai-hb20-1-6-a-premium-2017-8404460/,Hyundai,HB20,2017,66221,KM,70900 BRL,USED,Branco,FLEX,AUTOMATIC,HATCHBACK,"Avenida Dom Pedro II, 1900",Belo Horizonte,MG,30710010,BR,-19.9077286,-43.95921,https://s3.carro57.com.br/FC/3586/8404460_4_W_683184e8d8.jpeg,https://s3.carro57.com.br/FC/3586/8404460_4_W_ba3147249a.jpeg,https://s3.carro57.com.br/FC/3586/8404460_6_W_4f3474b60f.jpeg,https://s3.carro57.com.br/FC/3586/8404460_1_W_ac5474c0e4.jpeg,https://s3.carro57.com.br/FC/3586/8404460_1_W_c8e11debd4.jpeg,https://s3.carro57.com.br/FC/3586/8404460_0_W_b73207118a.jpeg,https://s3.carro57.com.br/FC/3586/8404460_8_W_7671052ecd.jpeg,https://s3.carro57.com.br/FC/3586/8404460_11_W_ef4de2e021.jpeg,https://s3.carro57.com.br/FC/3586/8404460_9_W_fd0ddf0309.jpeg,https://s3.carro57.com.br/FC/3586/8404460_12_W_3ad409fe5b.jpeg
8411265,Volkswagen Saveiro 2026,"Volkswagen Saveiro 2026, branco, flex, 20.000 km. Bancos de Couro, Câmera de ré, Freios ABS, Airbag motorista, Airbag passageiro, Alarme, Ar condicionado, Ar quente.",https://www.gridbh.com/carro/volkswagen-saveiro-cd-ex-mf-2026-8411265/,Volkswagen,Saveiro,2026,20000,KM,110900 BRL,USED,Branco,FLEX,MANUAL,PICKUP,"Avenida Dom Pedro II, 1900",Belo Horizonte,MG,30710010,BR,-19.9077286,-43.95921,https://s3.carro57.com.br/FC/3586/8411265_11_W_94f969bfd6.jpeg,https://s3.carro57.com.br/FC/3586/8411265_12_W_f131931269.jpeg,https://s3.carro57.com.br/FC/3586/8411265_10_W_6e594e23e1.jpeg,https://s3.carro57.com.br/FC/3586/8411265_8_W_5506378f68.jpeg,https://s3.carro57.com.br/FC/3586/8411265_7_W_7a658e05f4.jpeg,https://s3.carro57.com.br/FC/3586/8411265_9_W_7f1368b3b5.jpeg,https://s3.carro57.com.br/FC/3586/8411265_12_W_f5d7292344.jpeg,https://s3.carro57.com.br/FC/3586/8411265_11_W_8197f0d1db.jpeg,https://s3.carro57.com.br/FC/3586/8411265_14_W_c163642f1e.jpeg,https://s3.carro57.com.br/FC/3586/8411265_0_W_6b44290e1c.jpeg
8413047,Citroen Basalt 2025,"Citroen Basalt 2025, cinza, flex, 16.309 km. Único Dono, IPVA Pago, Bancos de Couro, Câmera de ré, Multimídia, Sensor de estacionamento, Rodas de liga leve, Freios ABS.",https://www.gridbh.com/carro/citroen-basalt-shine-1-0-flex-tb-200-5p-aut-2025-8413047/,Citroen,Basalt,2025,16309,KM,99900 BRL,USED,Cinza,FLEX,AUTOMATIC,SUV,"Avenida Dom Pedro II, 1900",Belo Horizonte,MG,30710010,BR,-19.9077286,-43.95921,https://s3.carro57.com.br/FC/3586/8413047_1_W_021cd3f407.jpeg,https://s3.carro57.com.br/FC/3586/8413047_1_W_37da01ac0c.jpeg,https://s3.carro57.com.br/FC/3586/8413047_5_W_d9c18ac324.jpeg,https://s3.carro57.com.br/FC/3586/8413047_2_W_b55c696dcb.jpeg,https://s3.carro57.com.br/FC/3586/8413047_0_W_c22809fc74.jpeg,https://s3.carro57.com.br/FC/3586/8413047_1_W_8bb4b9597e.jpeg,https://s3.carro57.com.br/FC/3586/8413047_7_W_343ec673c8.jpeg,https://s3.carro57.com.br/FC/3586/8413047_7_W_f11452b0c7.jpeg,https://s3.carro57.com.br/FC/3586/8413047_7_W_12b482ed99.jpeg,https://s3.carro57.com.br/FC/3586/8413047_6_W_0cd3ad8948.jpeg
8413437,Ford Ka 2020,"Ford Ka 2020, cinza, flex, 42.981 km. Multimídia, Sensor de estacionamento, Freios ABS, Airbag motorista, Airbag passageiro, Alarme, Ar condicionado, Ar quente.",https://www.gridbh.com/carro/ford-ka-se-at-1-5-ha-c-2020-8413437/,Ford,Ka,2020,42981,KM,59900 BRL,USED,Cinza,FLEX,AUTOMATIC,HATCHBACK,"Avenida Dom Pedro II, 1900",Belo Horizonte,MG,30710010,BR,-19.9077286,-43.95921,https://s3.carro57.com.br/FC/3586/8413437_5_W_55f5929077.jpeg,https://s3.carro57.com.br/FC/3586/8413437_6_W_e8bbd648e2.jpeg,https://s3.carro57.com.br/FC/3586/8413437_6_W_90be74ce18.jpeg,https://s3.carro57.com.br/FC/3586/8413437_9_W_5fe50e92c1.jpeg,https://s3.carro57.com.br/FC/3586/8413437_9_W_08cf189587.jpeg,https://s3.carro57.com.br/FC/3586/8413437_9_W_d79abc53b4.jpeg,https://s3.carro57.com.br/FC/3586/8413437_14_W_5b34a3e111.jpeg,https://s3.carro57.com.br/FC/3586/8413437_9_W_cd3757688f.jpeg,https://s3.carro57.com.br/FC/3586/8413437_1_W_0aec3b209f.jpeg,https://s3.carro57.com.br/FC/3586/8413437_0_W_9fc5c80022.jpeg
8413720,Fiat Argo 2025,"Fiat Argo 2025, branco, flex, 19.869 km. Câmera de ré, Multimídia, Sensor de estacionamento, Rodas de liga leve, Freios ABS, Airbag motorista, Airbag passageiro, Alarme.",https://www.gridbh.com/carro/fiat-argo-trekking-1-3-2025-8413720/,Fiat,Argo,2025,19869,KM,86900 BRL,USED,Branco,FLEX,MANUAL,HATCHBACK,"Avenida Dom Pedro II, 1900",Belo Horizonte,MG,30710010,BR,-19.9077286,-43.95921,https://s3.carro57.com.br/FC/3586/8413720_5_W_b49fada458.jpeg,https://s3.carro57.com.br/FC/3586/8413720_7_W_8a64d79be2.jpeg,https://s3.carro57.com.br/FC/3586/8413720_8_W_a6039aa774.jpeg,https://s3.carro57.com.br/FC/3586/8413720_4_W_f5ba57f05d.jpeg,https://s3.carro57.com.br/FC/3586/8413720_3_W_5bd17baad2.jpeg,https://s3.carro57.com.br/FC/3586/8413720_2_W_e88a797dea.jpeg,https://s3.carro57.com.br/FC/3586/8413720_0_W_0286794dd0.jpeg,https://s3.carro57.com.br/FC/3586/8413720_12_W_4485949c47.jpeg,https://s3.carro57.com.br/FC/3586/8413720_8_W_57173f51f8.jpeg,https://s3.carro57.com.br/FC/3586/8413720_1_W_0ac771bd93.jpeg
8423504,Peugeot 2008 2024,"Peugeot 2008 2024, branco, flex, 43.412 km. Bancos de Couro, Câmera de ré, Multimídia, Controle de velocidade, Sensor de estacionamento, Rodas de liga leve, Freios ABS, Airbag motorista.",https://www.gridbh.com/carro/peugeot-2008-allure-pk-2024-8423504/,Peugeot,2008,2024,43412,KM,86900 BRL,USED,Branco,FLEX,AUTOMATIC,SUV,"Avenida Dom Pedro II, 1900",Belo Horizonte,MG,30710010,BR,-19.9077286,-43.95921,https://s3.carro57.com.br/FC/3586/8423504_6_W_17b6188d5c.jpeg,https://s3.carro57.com.br/FC/3586/8423504_1_W_7e926450b5.jpeg,https://s3.carro57.com.br/FC/3586/8423504_7_W_c6f97b0975.jpeg,https://s3.carro57.com.br/FC/3586/8423504_2_W_a748b8a799.jpeg,https://s3.carro57.com.br/FC/3586/8423504_2_W_4eaefe617b.jpeg,https://s3.carro57.com.br/FC/3586/8423504_5_W_b55c6e99a8.jpeg,https://s3.carro57.com.br/FC/3586/8423504_12_W_510577dbd9.jpeg,https://s3.carro57.com.br/FC/3586/8423504_14_W_309f1659a1.jpeg,https://s3.carro57.com.br/FC/3586/8423504_12_W_4466f8e19a.jpeg,https://s3.carro57.com.br/FC/3586/8423504_9_W_e32c193951.jpeg
8428692,Fiat Argo 2026,"Fiat Argo 2026, preto, flex, 28.150 km. IPVA Pago, Multimídia, Freios ABS, Airbag motorista, Airbag passageiro, Alarme, Ar condicionado, Ar quente.",https://www.gridbh.com/carro/fiat-argo-drive-1-0-2026-8428692/,Fiat,Argo,2026,28150,KM,76900 BRL,USED,Preto,FLEX,MANUAL,HATCHBACK,"Avenida Dom Pedro II, 1900",Belo Horizonte,MG,30710010,BR,-19.9077286,-43.95921,https://s3.carro57.com.br/FC/3586/8428692_0_W_a4762b4ded.jpeg,https://s3.carro57.com.br/FC/3586/8428692_14_W_1171ed6f18.jpeg,https://s3.carro57.com.br/FC/3586/8428692_3_W_cf1490799d.jpeg,https://s3.carro57.com.br/FC/3586/8428692_0_W_2546d2d99c.jpeg,https://s3.carro57.com.br/FC/3586/8428692_0_W_4cf2733fe1.jpeg,https://s3.carro57.com.br/FC/3586/8428692_14_W_89971b1fcf.jpeg,https://s3.carro57.com.br/FC/3586/8428692_6_W_aa5cb27ec1.jpeg,https://s3.carro57.com.br/FC/3586/8428692_7_W_805c488488.jpeg,https://s3.carro57.com.br/FC/3586/8428692_5_W_1eba058f7e.jpeg,https://s3.carro57.com.br/FC/3586/8428692_7_W_0b08988ff3.jpeg
8458802,Peugeot 2008 2025,"Peugeot 2008 2025, azul, flex, 22.421 km. IPVA Pago, Bancos de Couro, Câmera de ré, Multimídia, Controle de velocidade, Sensor de estacionamento, Rodas de liga leve, Freios ABS.",https://www.gridbh.com/carro/peugeot-2008-act-t200-2025-8458802/,Peugeot,2008,2025,22421,KM,114900 BRL,USED,Azul,FLEX,AUTOMATIC,SUV,"Avenida Dom Pedro II, 1900",Belo Horizonte,MG,30710010,BR,-19.9077286,-43.95921,https://s3.carro57.com.br/FC/3586/8458802_1_W_044cbbe7aa.jpeg,https://s3.carro57.com.br/FC/3586/8458802_0_W_e31580f70f.jpeg,https://s3.carro57.com.br/FC/3586/8458802_2_W_4b92c9afca.jpeg,https://s3.carro57.com.br/FC/3586/8458802_6_W_a9779e6f0a.jpeg,https://s3.carro57.com.br/FC/3586/8458802_4_W_394c190cd7.jpeg,https://s3.carro57.com.br/FC/3586/8458802_13_W_e9c4a85ee6.jpeg,https://s3.carro57.com.br/FC/3586/8458802_3_W_2916e38ab6.jpeg,https://s3.carro57.com.br/FC/3586/8458802_12_W_b53dbc1e8b.jpeg,https://s3.carro57.com.br/FC/3586/8458802_8_W_0a69666965.jpeg,https://s3.carro57.com.br/FC/3586/8458802_5_W_dddda0f862.jpeg
8475378,Fiat Toro 2024,"Fiat Toro 2024, cinza, diesel, 40.252 km. IPVA Pago, Bancos de Couro, Câmera de ré, Multimídia, Controle de velocidade, Sensor de estacionamento, Rodas de liga leve, Tração 4x4.",https://www.gridbh.com/carro/fiat-toro-ultra-at9-4x4-2024-8475378/,Fiat,Toro,2024,40252,KM,149900 BRL,USED,Cinza,DIESEL,AUTOMATIC,PICKUP,"Avenida Dom Pedro II, 1900",Belo Horizonte,MG,30710010,BR,-19.9077286,-43.95921,https://s3.carro57.com.br/FC/3586/8475378_0_W_a2892d2f55.jpeg,https://s3.carro57.com.br/FC/3586/8475378_1_W_9f2fc14aff.jpeg,https://s3.carro57.com.br/FC/3586/8475378_2_W_7987b786a1.jpeg,https://s3.carro57.com.br/FC/3586/8475378_7_W_b1c0bc22de.jpeg,https://s3.carro57.com.br/FC/3586/8475378_2_W_b0c3980ae9.jpeg,https://s3.carro57.com.br/FC/3586/8475378_4_W_27c702aad1.jpeg,https://s3.carro57.com.br/FC/3586/8475378_11_W_eb8fc058e6.jpeg,https://s3.carro57.com.br/FC/3586/8475378_10_W_cf4378a5a1.jpeg,https://s3.carro57.com.br/FC/3586/8475378_9_W_71cb683ec5.jpeg,https://s3.carro57.com.br/FC/3586/8475378_5_W_6811bacf29.jpeg
8490461,Fiat Toro 2026,"Fiat Toro 2026, vermelho, flex, 7.127 km. Único Dono, IPVA Pago, Multimídia, Controle de velocidade, Sensor de estacionamento, Rodas de liga leve, Airbag motorista, Airbag passageiro.",https://www.gridbh.com/carro/fiat-toro-endurance-1-3-t270-4x2-flex-aut-2026-8490461/,Fiat,Toro,2026,7127,KM,143900 BRL,USED,Vermelho,FLEX,AUTOMATIC,PICKUP,"Avenida Dom Pedro II, 1900",Belo Horizonte,MG,30710010,BR,-19.9077286,-43.95921,https://s3.carro57.com.br/FC/3586/8490461_1_W_3b6ee42c4d.jpeg,https://s3.carro57.com.br/FC/3586/8490461_1_W_f7d527b24a.jpeg,https://s3.carro57.com.br/FC/3586/8490461_2_W_c6b4f49943.jpeg,https://s3.carro57.com.br/FC/3586/8490461_2_W_55f9c974da.jpeg,https://s3.carro57.com.br/FC/3586/8490461_2_W_45255f617a.jpeg,https://s3.carro57.com.br/FC/3586/8490461_8_W_cc8ea1d7ca.jpeg,https://s3.carro57.com.br/FC/3586/8490461_9_W_ddd65d48b2.jpeg,https://s3.carro57.com.br/FC/3586/8490461_9_W_c29e7a28da.jpeg,https://s3.carro57.com.br/FC/3586/8490461_8_W_80a017b8e0.jpeg,https://s3.carro57.com.br/FC/3586/8490461_8_W_efd91d2ac4.jpeg
8490824,Nissan Kicks 2023,"Nissan Kicks 2023, preto, flex, 21.023 km. IPVA Pago, Bancos de Couro, Câmera de ré, Multimídia, Controle de velocidade, Sensor de estacionamento, Rodas de liga leve, Freios ABS.",https://www.gridbh.com/carro/nissan-kicks-advance-cvt-2023-8490824/,Nissan,Kicks,2023,21023,KM,99900 BRL,USED,Preto,FLEX,AUTOMATIC,SUV,"Avenida Dom Pedro II, 1900",Belo Horizonte,MG,30710010,BR,-19.9077286,-43.95921,https://s3.carro57.com.br/FC/3586/8490824_3_W_7b6036647f.jpeg,https://s3.carro57.com.br/FC/3586/8490824_1_W_45ab5a8f07.jpeg,https://s3.carro57.com.br/FC/3586/8490824_4_W_c9993e9af7.jpeg,https://s3.carro57.com.br/FC/3586/8490824_5_W_81d808da01.jpeg,https://s3.carro57.com.br/FC/3586/8490824_0_W_a69e852cae.jpeg,https://s3.carro57.com.br/FC/3586/8490824_5_W_e06f7987b0.jpeg,https://s3.carro57.com.br/FC/3586/8490824_14_W_4039f43aea.jpeg,https://s3.carro57.com.br/FC/3586/8490824_8_W_5a04932727.jpeg,https://s3.carro57.com.br/FC/3586/8490824_11_W_e3c1d9462d.jpeg,https://s3.carro57.com.br/FC/3586/8490824_7_W_c7565f3798.jpeg
8495217,Citroen Aircross 2026,"Citroen Aircross 2026, preto, flex, 9.007 km. Único Dono, IPVA Pago, Bancos de Couro, Câmera de ré, Multimídia, Controle de velocidade, Sensor de estacionamento, Rodas de liga leve.",https://www.gridbh.com/carro/citroen-aircross-7-xtr-1-0-tb-200-aut-2026-8495217/,Citroen,Aircross,2026,9007,KM,118900 BRL,USED,Preto,FLEX,AUTOMATIC,SUV,"Avenida Dom Pedro II, 1900",Belo Horizonte,MG,30710010,BR,-19.9077286,-43.95921,https://s3.carro57.com.br/FC/3586/8495217_0_W_95cda66544.jpeg,https://s3.carro57.com.br/FC/3586/8495217_1_W_f20f74c358.jpeg,https://s3.carro57.com.br/FC/3586/8495217_7_W_91cf857651.jpeg,https://s3.carro57.com.br/FC/3586/8495217_5_W_af935d2dcb.jpeg,https://s3.carro57.com.br/FC/3586/8495217_16_W_c8b289b260.jpeg,https://s3.carro57.com.br/FC/3586/8495217_3_W_487e98e71b.jpeg,https://s3.carro57.com.br/FC/3586/8495217_4_W_83ef1fc177.jpeg,https://s3.carro57.com.br/FC/3586/8495217_7_W_a3aefe06ba.jpeg,https://s3.carro57.com.br/FC/3586/8495217_13_W_eb2d43b609.jpeg,https://s3.carro57.com.br/FC/3586/8495217_11_W_e85b35ce96.jpeg
